Workbook

Sheet README
A1: Paper 1 — raw data entry workbook
A2: How Much of a Legal Volume Survives? Measuring Encoding Loss Across the IFC–CityJSON–PostGIS Chain in a 3D Cadastre
D4: input
A5: HOW TO USE | D5: calculated
A6: Yellow cells with blue text | B6: You type here. These are the raw inputs. | D6: example
A7: Grey cells with black text | B7: Calculated. Do not type — the formula will be lost.
A8: Grey italic row 3 | B8: One example row showing the expected format. Overwrite or delete it.
A9: Dropdowns | B9: Come from the Lookups sheet. Add a choice there and it appears everywhere.
A10: Percentages | B10: Stored as fractions: type 0.0065 to mean 0.65%. The cell displays the %.
A11: Blank means unknown | B11: Leave a cell empty rather than typing 0 — 0 is a measured value.
A13: SHEETS
A14: Models | B14: One row per IFC model. Corpus registry + fitness-scan result + include/exclude.
A15: Volumes | B15: The main sheet. One row per legal volume PER CONDITION (C0–C5). Fields follow PAPER1_DATA_AND_VERIFICATION.md §B1.
A16: Runs | B16: One row per harness run: timing, counts, and the pinned software versions of §3.11.
A17: Legal_Reference | B17: Real arm only. One row per registered condominium unit: plan area, measurement convention, share fraction. Separates convention offset from pipeline error (§3.4).
A18: Thresholds | B18: The registration thresholds materiality is judged against (§3.9). Cite each one.
A19: Survival_Summary | B19: Calculated. Per-condition survival rates at 1 / 10 / 100 mm.
A20: Lookups | B20: Dropdown lists.
A22: KEYS THAT MUST MATCH
A23: model_id | B23: Models → Volumes → Runs → Legal_Reference. Use one spelling, e.g. SYN-001, REAL-001.
A24: volume_id | B24: The IFC GlobalId. Same string in Volumes and Legal_Reference.
A25: building_id | B25: The unit of independence for the real arm (§3.10). Several volumes share one.
A26: run_id | B26: Runs → Volumes.
A28: TWO THINGS THE METHOD REQUIRES
A29: One row per condition | B29: Every volume passes through every condition — that is what makes the design fully paired. Six rows per volume is expected, not duplication.
A30: Never convert a Type 3 failure into a big number | B30: If the stored geometry is not watertight, the volume error is undefined, not large. Leave v_out_m3 blank and set out_watertight = N. The survival columns handle it.
A32: ROW CAPACITY | B32: Models 120 · Volumes 400 · Runs 80 · Legal_Reference 150. Copy the last formula row down to extend.

Sheet Lookups
A1: Dropdown lists — edit here to change the choices offered on the data sheets
A3: Arm | B3: Route | C3: Condition | D3: Stage | E3: Transition | F3: Status | G3: YesNo | H3: Member | I3: Schema | J3: Convention | K3: Include | L3: UnitType | M3: CRS | N3: GeomType
A4: Synthetic | B4: Generated | C4: C0 | D4: S0 source IFC | E4: S0-S1 | F4: ok | G4: Y | H4: Rectangular box | I4: IFC2X3 | J4: Inner face | K4: Yes | L4: Private unit | M4: EPSG:4326 | N4: MULTIPOLYGON Z
A5: Real | B5: A - Open IFC | C5: C1 | D5: S1 CityJSON | E5: S1-S2 | F5: no_geometry | G5: N | H5: Sloped prism | I5: IFC4 | J5: Centre-line | K5: No | L5: Common property | M5: EPSG:5235 | N5: POLYHEDRALSURFACE Z
B6: B - GeoBIM benchmark | C6: C2 | D6: S2 PostGIS | E6: S2-S3 | F6: no_solid_emitted | G6: unknown | H6: Multi-storey stack | I6: IFC4.3 | J6: Mixed | K6: Pending | L6: Parking | M6: local metric | N6: other
B7: C - Sri Lankan condominium | C7: C3 | D7: S3 reconstructed | E7: S0-S3 | F7: not_run | H7: Re-entrant (L-shaped) | I7: other | J7: Unknown | L7: Corridor | M7: other
B8: D - Student-modelled | C8: C4 | H8: Party-wall pair | L8: Shaft / void
C9: C5 | H9: Void / internal shaft | L9: Other
H10: Degenerate - near-coplanar
H11: Degenerate - sliver face
H12: Degenerate - unclosed shell
H13: Degenerate - duplicated vertex
H14: Production model

Sheet Models
A1: Identity | E1: Provenance | K1: Fitness scan (ifc_fitness_scan.py) | T1: Placement (varied on purpose) | X1: Ground truth | Z1: Decision
A2: model_id | B2: model_name | C2: file_name | D2: building_id | E2: arm | F2: route | G2: member_type | H2: source_url_or_holder | I2: licence | J2: date_obtained | K2: schema | L2: length_unit | M2: n_ifcbuilding | N2: n_ifcspace | O2: has_ifcmapconversion | P2: has_qto_spacebasequantities | Q2: has_ifcrelspaceboundary | R2: n_storeys | S2: fitness_pass | T2: latitude_deg | U2: longitude_deg | V2: rotation_deg | W2: georef_source | X2: analytic_volume_available | Y2: registered_plan_available | Z2: include | AA2: exclusion_reason | AB2: notes
A3: SYN-001 | B3: Box control 3x4x10 | C3: syn_box_001.ifc | D3: SYN-B01 | E3: Synthetic | F3: Generated | G3: Rectangular box | H3: scripts/generate_synthetic_corpus.py | I3: own work | J3: 2026-09-07 | K3: IFC4 | L3: m | M3: 1 | N3: 1 | O3: Y | P3: Y | Q3: N | R3: 1 | S3: =IF($M3="","",IF(AND($M3>0,$N3>0),"PASS","FAIL")) -> PASS | T3: 6.9 | U3: 80.9 | V3: 0 | W3: IfcMapConversion | X3: Y | Y3: N | Z3: Yes | AB3: EXAMPLE ROW — overwrite or delete. True volume 120.000 m3.
S4: =IF($M4="","",IF(AND($M4>0,$N4>0),"PASS","FAIL"))
S5: =IF($M5="","",IF(AND($M5>0,$N5>0),"PASS","FAIL"))
S6: =IF($M6="","",IF(AND($M6>0,$N6>0),"PASS","FAIL"))
S7: =IF($M7="","",IF(AND($M7>0,$N7>0),"PASS","FAIL"))
S8: =IF($M8="","",IF(AND($M8>0,$N8>0),"PASS","FAIL"))
S9: =IF($M9="","",IF(AND($M9>0,$N9>0),"PASS","FAIL"))
S10: =IF($M10="","",IF(AND($M10>0,$N10>0),"PASS","FAIL"))
S11: =IF($M11="","",IF(AND($M11>0,$N11>0),"PASS","FAIL"))
S12: =IF($M12="","",IF(AND($M12>0,$N12>0),"PASS","FAIL"))
S13: =IF($M13="","",IF(AND($M13>0,$N13>0),"PASS","FAIL"))
S14: =IF($M14="","",IF(AND($M14>0,$N14>0),"PASS","FAIL"))
S15: =IF($M15="","",IF(AND($M15>0,$N15>0),"PASS","FAIL"))
... S123: =IF($M123="","",IF(AND($M123>0,$N123>0),"PASS","FAIL"))

Sheet Volumes
A1: Keys | J1: Ground truth | M1: S0 source geometry | T1: S2/S3 stored + recovered geometry | AF1: Displacement (Type 1) | AN1: Semantics / identity / attributes (Type 3) | AY1: Cycling | BA1: Notes | BB1: CALCULATED — do not type here
A2: row_key | B2: model_id | C2: volume_id (IFC GlobalId) | D2: volume_name | E2: storey | F2: condition | G2: unit_type | H2: status | I2: run_id | J2: v_analytic_m3 | K2: v_qto_m3 | L2: a_analytic_m2 | M2: v_src_m3 | N2: a_src_m2 | O2: src_verts | P2: src_tris | Q2: src_watertight | R2: src_unpaired_edges | S2: src_orientation_ok | T2: v_out_m3 | U2: v_proj_m3 | V2: v_naive_stored_units | W2: a_out_m2 | X2: out_verts | Y2: out_tris | Z2: out_watertight | AA2: out_unpaired_edges | AB2: out_orientation_ok | AC2: out_self_intersect | AD2: stored_crs | AE2: stored_geom_type | AF2: mean_vertex_disp_mm | AG2: p95_vertex_disp_mm | AH2: max_vertex_disp_mm | AI2: hausdorff_mm | AJ2: planarity_rms_mm | AK2: proj_disp_mm | AL2: centroid_disp_m | AM2: parcel_within | AN2: semantic_faces_src | AO2: semantic_faces_out | AP2: partywall_identifiable | AQ2: id_retained | AR2: m1_m2_agree | AS2: parent_link_retained | AT2: composition_retained | AU2: ps_keys_src | AV2: ps_keys_out | AW2: lod_declared | AX2: crs_metadata_retained | AY2: cycle_n | AZ2: drift_mm_this_cycle | BA2: notes | BB2: dv_m3 | BC2: dv_pct | BD2: dv_proj_m3 | BE2: dv_proj_pct | BF2: dv_vs_analytic_pct | BG2: dv_vs_qto_pct | BH2: da_pct | BI2: verts_lost | BJ2: tris_lost | BK2: semantic_retention | BL2: ps_retention | BM2: topology_survives | BN2: survives_1mm | BO2: survives_10mm | BP2: survives_100mm
A3: =IF($B3="","",$B3&"|"&$C3&"|"&$F3) -> SYN-001|3vB2Yk$Qn0dfPvSHLmA9Zt|C0 | B3: SYN-001 | C3: 3vB2Yk$Qn0dfPvSHLmA9Zt | D3: Apartment 1A | E3: L01 | F3: C0 | G3: Private unit | H3: ok | I3: RUN-001 | J3: 120 | K3: 120 | L3: 12 | M3: 120 | N3: 12 | O3: 8 | P3: 12 | Q3: Y | R3: 0 | S3: Y | T3: 120 | U3: 119.214 | V3: 9.7e-11 | W3: 12 | X3: 8 | Y3: 12 | Z3: Y | AA3: 0 | AB3: Y | AC3: N | AD3: EPSG:4326 | AE3: MULTIPOLYGON Z | AF3: 0.4 | AG3: 1.1 | AH3: 1.6 | AI3: 1.6 | AJ3: 0.2 | AK3: 12 | AL3: 0.011 | AM3: Y | AN3: 6 | AO3: 0 | AP3: N | AQ3: Y | AR3: Y | AS3: Y | AT3: Y | AU3: 14 | AV3: 3 | AW3: Y | AX3: Y | AY3: 1 | AZ3: 0 | BA3: EXAMPLE ROW — overwrite or delete. | BB3: =IF(OR($T3="",$M3=""),"",$T3-$M3) -> 0 | BC3: =IF(OR($T3="",$M3="",$M3=0),"",($T3-$M3)/$M3) -> 0 | BD3: =IF(OR($U3="",$M3=""),"",$U3-$M3) -> -0.786 | BE3: =IF(OR($U3="",$M3="",$M3=0),"",($U3-$M3)/$M3) -> -0.00655 | BF3: =IF(OR($U3="",$J3="",$J3=0),"",($U3-$J3)/$J3) -> -0.00655 | BG3: =IF(OR($M3="",$K3="",$K3=0),"",($M3-$K3)/$K3) -> 0 | BH3: =IF(OR($W3="",$N3="",$N3=0),"",($W3-$N3)/$N3) -> 0 | BI3: =IF(OR($O3="",$X3=""),"",$O3-$X3) -> 0 | BJ3: =IF(OR($P3="",$Y3=""),"",$P3-$Y3) -> 0 | BK3: =IF(OR($AN3="",$AO3="",$AN3=0),"",$AO3/$AN3) -> 0 | BL3: =IF(OR($AU3="",$AV3="",$AU3=0),"",$AV3/$AU3) -> 0.21428571 | BM3: =IF($Z3="","",IF(AND($Z3="Y",$AB3<>"N",$AC3<>"Y"),"Y","N")) -> Y | BN3: =IF($AH3="","",IF($Z3<>"Y","undefined",IF($AH3<=1,"Y","N"))) -> N | BO3: =IF($AH3="","",IF($Z3<>"Y","undefined",IF($AH3<=10,"Y","N"))) -> Y | BP3: =IF($AH3="","",IF($Z3<>"Y","undefined",IF($AH3<=100,"Y","N"))) -> Y
A4: =IF($B4="","",$B4&"|"&$C4&"|"&$F4) | BB4: =IF(OR($T4="",$M4=""),"",$T4-$M4) | BC4: =IF(OR($T4="",$M4="",$M4=0),"",($T4-$M4)/$M4) | BD4: =IF(OR($U4="",$M4=""),"",$U4-$M4) | BE4: =IF(OR($U4="",$M4="",$M4=0),"",($U4-$M4)/$M4) | BF4: =IF(OR($U4="",$J4="",$J4=0),"",($U4-$J4)/$J4) | BG4: =IF(OR($M4="",$K4="",$K4=0),"",($M4-$K4)/$K4) | BH4: =IF(OR($W4="",$N4="",$N4=0),"",($W4-$N4)/$N4) | BI4: =IF(OR($O4="",$X4=""),"",$O4-$X4) | BJ4: =IF(OR($P4="",$Y4=""),"",$P4-$Y4) | BK4: =IF(OR($AN4="",$AO4="",$AN4=0),"",$AO4/$AN4) | BL4: =IF(OR($AU4="",$AV4="",$AU4=0),"",$AV4/$AU4) | BM4: =IF($Z4="","",IF(AND($Z4="Y",$AB4<>"N",$AC4<>"Y"),"Y","N")) | BN4: =IF($AH4="","",IF($Z4<>"Y","undefined",IF($AH4<=1,"Y","N"))) | BO4: =IF($AH4="","",IF($Z4<>"Y","undefined",IF($AH4<=10,"Y","N"))) | BP4: =IF($AH4="","",IF($Z4<>"Y","undefined",IF($AH4<=100,"Y","N")))
A5: =IF($B5="","",$B5&"|"&$C5&"|"&$F5) | BB5: =IF(OR($T5="",$M5=""),"",$T5-$M5) | BC5: =IF(OR($T5="",$M5="",$M5=0),"",($T5-$M5)/$M5) | BD5: =IF(OR($U5="",$M5=""),"",$U5-$M5) | BE5: =IF(OR($U5="",$M5="",$M5=0),"",($U5-$M5)/$M5) | BF5: =IF(OR($U5="",$J5="",$J5=0),"",($U5-$J5)/$J5) | BG5: =IF(OR($M5="",$K5="",$K5=0),"",($M5-$K5)/$K5) | BH5: =IF(OR($W5="",$N5="",$N5=0),"",($W5-$N5)/$N5) | BI5: =IF(OR($O5="",$X5=""),"",$O5-$X5) | BJ5: =IF(OR($P5="",$Y5=""),"",$P5-$Y5) | BK5: =IF(OR($AN5="",$AO5="",$AN5=0),"",$AO5/$AN5) | BL5: =IF(OR($AU5="",$AV5="",$AU5=0),"",$AV5/$AU5) | BM5: =IF($Z5="","",IF(AND($Z5="Y",$AB5<>"N",$AC5<>"Y"),"Y","N")) | BN5: =IF($AH5="","",IF($Z5<>"Y","undefined",IF($AH5<=1,"Y","N"))) | BO5: =IF($AH5="","",IF($Z5<>"Y","undefined",IF($AH5<=10,"Y","N"))) | BP5: =IF($AH5="","",IF($Z5<>"Y","undefined",IF($AH5<=100,"Y","N")))
A6: =IF($B6="","",$B6&"|"&$C6&"|"&$F6) | BB6: =IF(OR($T6="",$M6=""),"",$T6-$M6) | BC6: =IF(OR($T6="",$M6="",$M6=0),"",($T6-$M6)/$M6) | BD6: =IF(OR($U6="",$M6=""),"",$U6-$M6) | BE6: =IF(OR($U6="",$M6="",$M6=0),"",($U6-$M6)/$M6) | BF6: =IF(OR($U6="",$J6="",$J6=0),"",($U6-$J6)/$J6) | BG6: =IF(OR($M6="",$K6="",$K6=0),"",($M6-$K6)/$K6) | BH6: =IF(OR($W6="",$N6="",$N6=0),"",($W6-$N6)/$N6) | BI6: =IF(OR($O6="",$X6=""),"",$O6-$X6) | BJ6: =IF(OR($P6="",$Y6=""),"",$P6-$Y6) | BK6: =IF(OR($AN6="",$AO6="",$AN6=0),"",$AO6/$AN6) | BL6: =IF(OR($AU6="",$AV6="",$AU6=0),"",$AV6/$AU6) | BM6: =IF($Z6="","",IF(AND($Z6="Y",$AB6<>"N",$AC6<>"Y"),"Y","N")) | BN6: =IF($AH6="","",IF($Z6<>"Y","undefined",IF($AH6<=1,"Y","N"))) | BO6: =IF($AH6="","",IF($Z6<>"Y","undefined",IF($AH6<=10,"Y","N"))) | BP6: =IF($AH6="","",IF($Z6<>"Y","undefined",IF($AH6<=100,"Y","N")))
A7: =IF($B7="","",$B7&"|"&$C7&"|"&$F7) | BB7: =IF(OR($T7="",$M7=""),"",$T7-$M7) | BC7: =IF(OR($T7="",$M7="",$M7=0),"",($T7-$M7)/$M7) | BD7: =IF(OR($U7="",$M7=""),"",$U7-$M7) | BE7: =IF(OR($U7="",$M7="",$M7=0),"",($U7-$M7)/$M7) | BF7: =IF(OR($U7="",$J7="",$J7=0),"",($U7-$J7)/$J7) | BG7: =IF(OR($M7="",$K7="",$K7=0),"",($M7-$K7)/$K7) | BH7: =IF(OR($W7="",$N7="",$N7=0),"",($W7-$N7)/$N7) | BI7: =IF(OR($O7="",$X7=""),"",$O7-$X7) | BJ7: =IF(OR($P7="",$Y7=""),"",$P7-$Y7) | BK7: =IF(OR($AN7="",$AO7="",$AN7=0),"",$AO7/$AN7) | BL7: =IF(OR($AU7="",$AV7="",$AU7=0),"",$AV7/$AU7) | BM7: =IF($Z7="","",IF(AND($Z7="Y",$AB7<>"N",$AC7<>"Y"),"Y","N")) | BN7: =IF($AH7="","",IF($Z7<>"Y","undefined",IF($AH7<=1,"Y","N"))) | BO7: =IF($AH7="","",IF($Z7<>"Y","undefined",IF($AH7<=10,"Y","N"))) | BP7: =IF($AH7="","",IF($Z7<>"Y","undefined",IF($AH7<=100,"Y","N")))
A8: =IF($B8="","",$B8&"|"&$C8&"|"&$F8) | BB8: =IF(OR($T8="",$M8=""),"",$T8-$M8) | BC8: =IF(OR($T8="",$M8="",$M8=0),"",($T8-$M8)/$M8) | BD8: =IF(OR($U8="",$M8=""),"",$U8-$M8) | BE8: =IF(OR($U8="",$M8="",$M8=0),"",($U8-$M8)/$M8) | BF8: =IF(OR($U8="",$J8="",$J8=0),"",($U8-$J8)/$J8) | BG8: =IF(OR($M8="",$K8="",$K8=0),"",($M8-$K8)/$K8) | BH8: =IF(OR($W8="",$N8="",$N8=0),"",($W8-$N8)/$N8) | BI8: =IF(OR($O8="",$X8=""),"",$O8-$X8) | BJ8: =IF(OR($P8="",$Y8=""),"",$P8-$Y8) | BK8: =IF(OR($AN8="",$AO8="",$AN8=0),"",$AO8/$AN8) | BL8: =IF(OR($AU8="",$AV8="",$AU8=0),"",$AV8/$AU8) | BM8: =IF($Z8="","",IF(AND($Z8="Y",$AB8<>"N",$AC8<>"Y"),"Y","N")) | BN8: =IF($AH8="","",IF($Z8<>"Y","undefined",IF($AH8<=1,"Y","N"))) | BO8: =IF($AH8="","",IF($Z8<>"Y","undefined",IF($AH8<=10,"Y","N"))) | BP8: =IF($AH8="","",IF($Z8<>"Y","undefined",IF($AH8<=100,"Y","N")))
A9: =IF($B9="","",$B9&"|"&$C9&"|"&$F9) | BB9: =IF(OR($T9="",$M9=""),"",$T9-$M9) | BC9: =IF(OR($T9="",$M9="",$M9=0),"",($T9-$M9)/$M9) | BD9: =IF(OR($U9="",$M9=""),"",$U9-$M9) | BE9: =IF(OR($U9="",$M9="",$M9=0),"",($U9-$M9)/$M9) | BF9: =IF(OR($U9="",$J9="",$J9=0),"",($U9-$J9)/$J9) | BG9: =IF(OR($M9="",$K9="",$K9=0),"",($M9-$K9)/$K9) | BH9: =IF(OR($W9="",$N9="",$N9=0),"",($W9-$N9)/$N9) | BI9: =IF(OR($O9="",$X9=""),"",$O9-$X9) | BJ9: =IF(OR($P9="",$Y9=""),"",$P9-$Y9) | BK9: =IF(OR($AN9="",$AO9="",$AN9=0),"",$AO9/$AN9) | BL9: =IF(OR($AU9="",$AV9="",$AU9=0),"",$AV9/$AU9) | BM9: =IF($Z9="","",IF(AND($Z9="Y",$AB9<>"N",$AC9<>"Y"),"Y","N")) | BN9: =IF($AH9="","",IF($Z9<>"Y","undefined",IF($AH9<=1,"Y","N"))) | BO9: =IF($AH9="","",IF($Z9<>"Y","undefined",IF($AH9<=10,"Y","N"))) | BP9: =IF($AH9="","",IF($Z9<>"Y","undefined",IF($AH9<=100,"Y","N")))
A10: =IF($B10="","",$B10&"|"&$C10&"|"&$F10) | BB10: =IF(OR($T10="",$M10=""),"",$T10-$M10) | BC10: =IF(OR($T10="",$M10="",$M10=0),"",($T10-$M10)/$M10) | BD10: =IF(OR($U10="",$M10=""),"",$U10-$M10) | BE10: =IF(OR($U10="",$M10="",$M10=0),"",($U10-$M10)/$M10) | BF10: =IF(OR($U10="",$J10="",$J10=0),"",($U10-$J10)/$J10) | BG10: =IF(OR($M10="",$K10="",$K10=0),"",($M10-$K10)/$K10) | BH10: =IF(OR($W10="",$N10="",$N10=0),"",($W10-$N10)/$N10) | BI10: =IF(OR($O10="",$X10=""),"",$O10-$X10) | BJ10: =IF(OR($P10="",$Y10=""),"",$P10-$Y10) | BK10: =IF(OR($AN10="",$AO10="",$AN10=0),"",$AO10/$AN10) | BL10: =IF(OR($AU10="",$AV10="",$AU10=0),"",$AV10/$AU10) | BM10: =IF($Z10="","",IF(AND($Z10="Y",$AB10<>"N",$AC10<>"Y"),"Y","N")) | BN10: =IF($AH10="","",IF($Z10<>"Y","undefined",IF($AH10<=1,"Y","N"))) | BO10: =IF($AH10="","",IF($Z10<>"Y","undefined",IF($AH10<=10,"Y","N"))) | BP10: =IF($AH10="","",IF($Z10<>"Y","undefined",IF($AH10<=100,"Y","N")))
A11: =IF($B11="","",$B11&"|"&$C11&"|"&$F11) | BB11: =IF(OR($T11="",$M11=""),"",$T11-$M11) | BC11: =IF(OR($T11="",$M11="",$M11=0),"",($T11-$M11)/$M11) | BD11: =IF(OR($U11="",$M11=""),"",$U11-$M11) | BE11: =IF(OR($U11="",$M11="",$M11=0),"",($U11-$M11)/$M11) | BF11: =IF(OR($U11="",$J11="",$J11=0),"",($U11-$J11)/$J11) | BG11: =IF(OR($M11="",$K11="",$K11=0),"",($M11-$K11)/$K11) | BH11: =IF(OR($W11="",$N11="",$N11=0),"",($W11-$N11)/$N11) | BI11: =IF(OR($O11="",$X11=""),"",$O11-$X11) | BJ11: =IF(OR($P11="",$Y11=""),"",$P11-$Y11) | BK11: =IF(OR($AN11="",$AO11="",$AN11=0),"",$AO11/$AN11) | BL11: =IF(OR($AU11="",$AV11="",$AU11=0),"",$AV11/$AU11) | BM11: =IF($Z11="","",IF(AND($Z11="Y",$AB11<>"N",$AC11<>"Y"),"Y","N")) | BN11: =IF($AH11="","",IF($Z11<>"Y","undefined",IF($AH11<=1,"Y","N"))) | BO11: =IF($AH11="","",IF($Z11<>"Y","undefined",IF($AH11<=10,"Y","N"))) | BP11: =IF($AH11="","",IF($Z11<>"Y","undefined",IF($AH11<=100,"Y","N")))
A12: =IF($B12="","",$B12&"|"&$C12&"|"&$F12) | BB12: =IF(OR($T12="",$M12=""),"",$T12-$M12) | BC12: =IF(OR($T12="",$M12="",$M12=0),"",($T12-$M12)/$M12) | BD12: =IF(OR($U12="",$M12=""),"",$U12-$M12) | BE12: =IF(OR($U12="",$M12="",$M12=0),"",($U12-$M12)/$M12) | BF12: =IF(OR($U12="",$J12="",$J12=0),"",($U12-$J12)/$J12) | BG12: =IF(OR($M12="",$K12="",$K12=0),"",($M12-$K12)/$K12) | BH12: =IF(OR($W12="",$N12="",$N12=0),"",($W12-$N12)/$N12) | BI12: =IF(OR($O12="",$X12=""),"",$O12-$X12) | BJ12: =IF(OR($P12="",$Y12=""),"",$P12-$Y12) | BK12: =IF(OR($AN12="",$AO12="",$AN12=0),"",$AO12/$AN12) | BL12: =IF(OR($AU12="",$AV12="",$AU12=0),"",$AV12/$AU12) | BM12: =IF($Z12="","",IF(AND($Z12="Y",$AB12<>"N",$AC12<>"Y"),"Y","N")) | BN12: =IF($AH12="","",IF($Z12<>"Y","undefined",IF($AH12<=1,"Y","N"))) | BO12: =IF($AH12="","",IF($Z12<>"Y","undefined",IF($AH12<=10,"Y","N"))) | BP12: =IF($AH12="","",IF($Z12<>"Y","undefined",IF($AH12<=100,"Y","N")))
A13: =IF($B13="","",$B13&"|"&$C13&"|"&$F13) | BB13: =IF(OR($T13="",$M13=""),"",$T13-$M13) | BC13: =IF(OR($T13="",$M13="",$M13=0),"",($T13-$M13)/$M13) | BD13: =IF(OR($U13="",$M13=""),"",$U13-$M13) | BE13: =IF(OR($U13="",$M13="",$M13=0),"",($U13-$M13)/$M13) | BF13: =IF(OR($U13="",$J13="",$J13=0),"",($U13-$J13)/$J13) | BG13: =IF(OR($M13="",$K13="",$K13=0),"",($M13-$K13)/$K13) | BH13: =IF(OR($W13="",$N13="",$N13=0),"",($W13-$N13)/$N13) | BI13: =IF(OR($O13="",$X13=""),"",$O13-$X13) | BJ13: =IF(OR($P13="",$Y13=""),"",$P13-$Y13) | BK13: =IF(OR($AN13="",$AO13="",$AN13=0),"",$AO13/$AN13) | BL13: =IF(OR($AU13="",$AV13="",$AU13=0),"",$AV13/$AU13) | BM13: =IF($Z13="","",IF(AND($Z13="Y",$AB13<>"N",$AC13<>"Y"),"Y","N")) | BN13: =IF($AH13="","",IF($Z13<>"Y","undefined",IF($AH13<=1,"Y","N"))) | BO13: =IF($AH13="","",IF($Z13<>"Y","undefined",IF($AH13<=10,"Y","N"))) | BP13: =IF($AH13="","",IF($Z13<>"Y","undefined",IF($AH13<=100,"Y","N")))
A14: =IF($B14="","",$B14&"|"&$C14&"|"&$F14) | BB14: =IF(OR($T14="",$M14=""),"",$T14-$M14) | BC14: =IF(OR($T14="",$M14="",$M14=0),"",($T14-$M14)/$M14) | BD14: =IF(OR($U14="",$M14=""),"",$U14-$M14) | BE14: =IF(OR($U14="",$M14="",$M14=0),"",($U14-$M14)/$M14) | BF14: =IF(OR($U14="",$J14="",$J14=0),"",($U14-$J14)/$J14) | BG14: =IF(OR($M14="",$K14="",$K14=0),"",($M14-$K14)/$K14) | BH14: =IF(OR($W14="",$N14="",$N14=0),"",($W14-$N14)/$N14) | BI14: =IF(OR($O14="",$X14=""),"",$O14-$X14) | BJ14: =IF(OR($P14="",$Y14=""),"",$P14-$Y14) | BK14: =IF(OR($AN14="",$AO14="",$AN14=0),"",$AO14/$AN14) | BL14: =IF(OR($AU14="",$AV14="",$AU14=0),"",$AV14/$AU14) | BM14: =IF($Z14="","",IF(AND($Z14="Y",$AB14<>"N",$AC14<>"Y"),"Y","N")) | BN14: =IF($AH14="","",IF($Z14<>"Y","undefined",IF($AH14<=1,"Y","N"))) | BO14: =IF($AH14="","",IF($Z14<>"Y","undefined",IF($AH14<=10,"Y","N"))) | BP14: =IF($AH14="","",IF($Z14<>"Y","undefined",IF($AH14<=100,"Y","N")))
A15: =IF($B15="","",$B15&"|"&$C15&"|"&$F15) | BB15: =IF(OR($T15="",$M15=""),"",$T15-$M15) | BC15: =IF(OR($T15="",$M15="",$M15=0),"",($T15-$M15)/$M15) | BD15: =IF(OR($U15="",$M15=""),"",$U15-$M15) | BE15: =IF(OR($U15="",$M15="",$M15=0),"",($U15-$M15)/$M15) | BF15: =IF(OR($U15="",$J15="",$J15=0),"",($U15-$J15)/$J15) | BG15: =IF(OR($M15="",$K15="",$K15=0),"",($M15-$K15)/$K15) | BH15: =IF(OR($W15="",$N15="",$N15=0),"",($W15-$N15)/$N15) | BI15: =IF(OR($O15="",$X15=""),"",$O15-$X15) | BJ15: =IF(OR($P15="",$Y15=""),"",$P15-$Y15) | BK15: =IF(OR($AN15="",$AO15="",$AN15=0),"",$AO15/$AN15) | BL15: =IF(OR($AU15="",$AV15="",$AU15=0),"",$AV15/$AU15) | BM15: =IF($Z15="","",IF(AND($Z15="Y",$AB15<>"N",$AC15<>"Y"),"Y","N")) | BN15: =IF($AH15="","",IF($Z15<>"Y","undefined",IF($AH15<=1,"Y","N"))) | BO15: =IF($AH15="","",IF($Z15<>"Y","undefined",IF($AH15<=10,"Y","N"))) | BP15: =IF($AH15="","",IF($Z15<>"Y","undefined",IF($AH15<=100,"Y","N")))
... A403: =IF($B403="","",$B403&"|"&$C403&"|"&$F403) | BB403: =IF(OR($T403="",$M403=""),"",$T403-$M403) | BC403: =IF(OR($T403="",$M403="",$M403=0),"",($T403-$M403)/$M403) | BD403: =IF(OR($U403="",$M403=""),"",$U403-$M403) | BE403: =IF(OR($U403="",$M403="",$M403=0),"",($U403-$M403)/$M403) | BF403: =IF(OR($U403="",$J403="",$J403=0),"",($U403-$J403)/$J403) | BG403: =IF(OR($M403="",$K403="",$K403=0),"",($M403-$K403)/$K403) | BH403: =IF(OR($W403="",$N403="",$N403=0),"",($W403-$N403)/$N403) | BI403: =IF(OR($O403="",$X403=""),"",$O403-$X403) | BJ403: =IF(OR($P403="",$Y403=""),"",$P403-$Y403) | BK403: =IF(OR($AN403="",$AO403="",$AN403=0),"",$AO403/$AN403) | BL403: =IF(OR($AU403="",$AV403="",$AU403=0),"",$AV403/$AU403) | BM403: =IF($Z403="","",IF(AND($Z403="Y",$AB403<>"N",$AC403<>"Y"),"Y","N")) | BN403: =IF($AH403="","",IF($Z403<>"Y","undefined",IF($AH403<=1,"Y","N"))) | BO403: =IF($AH403="","",IF($Z403<>"Y","undefined",IF($AH403<=10,"Y","N"))) | BP403: =IF($AH403="","",IF($Z403<>"Y","undefined",IF($AH403<=100,"Y","N")))

Sheet Runs
A1: Run | G1: Input file | I1: Timing | L1: Counts | T1: Deltas reported by the harness | X1: Pinned versions (controlled variables, §3.11) | AD1: Notes
A2: run_id | B2: run_date | C2: model_id | D2: condition | E2: transition | F2: operator | G2: file_name | H2: file_size_mb | I2: ifc_load_s | J2: geometry_s | K2: db_write_s | L2: spaces_total | M2: spaces_measured | N2: spaces_no_geometry | O2: src_watertight_count | P2: out_watertight_count | Q2: total_verts_lost | R2: measured_pct | S2: out_watertight_pct | T2: median_abs_dv_pct | U2: max_abs_dv_pct | V2: median_abs_dv_proj_pct | W2: max_abs_dv_proj_pct | X2: ifcopenshell_ver | Y2: geos_ver | Z2: postgis_ver | AA2: postgresql_ver | AB2: pyproj_ver | AC2: harness_git_sha | AD2: notes
A3: RUN-001 | B3: 2026-09-07 | C3: SYN-001 | D3: C0 | E3: S0-S3 | F3: NMPM | G3: syn_box_001.ifc | H3: 0.42 | I3: 0.31 | J3: 1.08 | K3: 0.22 | L3: 1 | M3: 1 | N3: 0 | O3: 1 | P3: 1 | Q3: 0 | R3: =IF(OR($L3="",$L3=0),"",$M3/$L3) -> 1 | S3: =IF(OR($M3="",$M3=0),"",$P3/$M3) -> 1 | T3: 0 | U3: 0 | V3: -0.006505 | W3: -0.006505 | X3: 0.8.0 | Y3: 3.12.1 | Z3: 3.4.2 | AA3: 16.3 | AB3: 3.6.1 | AC3: abc1234 | AD3: EXAMPLE ROW — overwrite or delete.
R4: =IF(OR($L4="",$L4=0),"",$M4/$L4) | S4: =IF(OR($M4="",$M4=0),"",$P4/$M4)
R5: =IF(OR($L5="",$L5=0),"",$M5/$L5) | S5: =IF(OR($M5="",$M5=0),"",$P5/$M5)
R6: =IF(OR($L6="",$L6=0),"",$M6/$L6) | S6: =IF(OR($M6="",$M6=0),"",$P6/$M6)
R7: =IF(OR($L7="",$L7=0),"",$M7/$L7) | S7: =IF(OR($M7="",$M7=0),"",$P7/$M7)
R8: =IF(OR($L8="",$L8=0),"",$M8/$L8) | S8: =IF(OR($M8="",$M8=0),"",$P8/$M8)
R9: =IF(OR($L9="",$L9=0),"",$M9/$L9) | S9: =IF(OR($M9="",$M9=0),"",$P9/$M9)
R10: =IF(OR($L10="",$L10=0),"",$M10/$L10) | S10: =IF(OR($M10="",$M10=0),"",$P10/$M10)
R11: =IF(OR($L11="",$L11=0),"",$M11/$L11) | S11: =IF(OR($M11="",$M11=0),"",$P11/$M11)
R12: =IF(OR($L12="",$L12=0),"",$M12/$L12) | S12: =IF(OR($M12="",$M12=0),"",$P12/$M12)
R13: =IF(OR($L13="",$L13=0),"",$M13/$L13) | S13: =IF(OR($M13="",$M13=0),"",$P13/$M13)
R14: =IF(OR($L14="",$L14=0),"",$M14/$L14) | S14: =IF(OR($M14="",$M14=0),"",$P14/$M14)
R15: =IF(OR($L15="",$L15=0),"",$M15/$L15) | S15: =IF(OR($M15="",$M15=0),"",$P15/$M15)
... R83: =IF(OR($L83="",$L83=0),"",$M83/$L83) | S83: =IF(OR($M83="",$M83=0),"",$P83/$M83)

Sheet Legal_Reference
A1: Link | E1: Registered plan | L1: Measurement convention (the confound, §3.4) | Q1: Share fraction | T1: Pipeline figure (from Volumes) | W1: CALCULATED — materiality (§3.9) | AA1: Notes
A2: ref_id | B2: model_id | C2: building_id | D2: volume_id (IFC GlobalId) | E2: plan_no | F2: plan_date | G2: holder / authority | H2: unit_no | I2: unit_type | J2: registered_area_m2 | K2: registered_volume_m3 | L2: area_convention | M2: balcony_included | N2: terrace_included | O2: convention_offset_m2 | P2: convention_source | Q2: share_numerator | R2: share_denominator | S2: share_registered | T2: pipeline_area_m2 | U2: pipeline_volume_m3 | V2: condition | W2: raw_diff_m2 | X2: pipeline_error_m2 | Y2: pipeline_error_pct | Z2: exceeds_threshold | AA2: field_check_m2 | AB2: notes
A3: LEG-001 | B3: REAL-001 | C3: REAL-B01 | D3: 1aQ8Xm$Rp2ghQwTJNnC0Yu | E3: CP 1234 | F3: 2019-04-18 | G3: Condominium Management Authority | H3: 3B | I3: Private unit | J3: 100 | K3: 280 | L3: Inner face | M3: N | N3: N | O3: 0.85 | P3: plan note 4 / surveyor | Q3: 1 | R3: 48 | S3: =IF(OR($Q3="",$R3="",$R3=0),"",$Q3/$R3) -> 0.020833333 | T3: 100.2 | U3: 279.35 | V3: C0 | W3: =IF(OR($T3="",$J3=""),"",$T3-$J3) -> 0.2 | X3: =IF(OR($T3="",$J3="",$O3=""),"",$T3-$J3-$O3) -> -0.65 | Y3: =IF(OR($T3="",$J3="",$O3="",$J3=0),"",($T3-$J3-$O3)/$J3) -> -0.0065 | Z3: =IF($X3="","",IF(ABS($X3)>=Thresholds!$B$4,"MATERIAL","within")) -> MATERIAL | AA3: 99.98 | AB3: EXAMPLE ROW — overwrite or delete.
S4: =IF(OR($Q4="",$R4="",$R4=0),"",$Q4/$R4) | W4: =IF(OR($T4="",$J4=""),"",$T4-$J4) | X4: =IF(OR($T4="",$J4="",$O4=""),"",$T4-$J4-$O4) | Y4: =IF(OR($T4="",$J4="",$O4="",$J4=0),"",($T4-$J4-$O4)/$J4) | Z4: =IF($X4="","",IF(ABS($X4)>=Thresholds!$B$4,"MATERIAL","within"))
S5: =IF(OR($Q5="",$R5="",$R5=0),"",$Q5/$R5) | W5: =IF(OR($T5="",$J5=""),"",$T5-$J5) | X5: =IF(OR($T5="",$J5="",$O5=""),"",$T5-$J5-$O5) | Y5: =IF(OR($T5="",$J5="",$O5="",$J5=0),"",($T5-$J5-$O5)/$J5) | Z5: =IF($X5="","",IF(ABS($X5)>=Thresholds!$B$4,"MATERIAL","within"))
S6: =IF(OR($Q6="",$R6="",$R6=0),"",$Q6/$R6) | W6: =IF(OR($T6="",$J6=""),"",$T6-$J6) | X6: =IF(OR($T6="",$J6="",$O6=""),"",$T6-$J6-$O6) | Y6: =IF(OR($T6="",$J6="",$O6="",$J6=0),"",($T6-$J6-$O6)/$J6) | Z6: =IF($X6="","",IF(ABS($X6)>=Thresholds!$B$4,"MATERIAL","within"))
S7: =IF(OR($Q7="",$R7="",$R7=0),"",$Q7/$R7) | W7: =IF(OR($T7="",$J7=""),"",$T7-$J7) | X7: =IF(OR($T7="",$J7="",$O7=""),"",$T7-$J7-$O7) | Y7: =IF(OR($T7="",$J7="",$O7="",$J7=0),"",($T7-$J7-$O7)/$J7) | Z7: =IF($X7="","",IF(ABS($X7)>=Thresholds!$B$4,"MATERIAL","within"))
S8: =IF(OR($Q8="",$R8="",$R8=0),"",$Q8/$R8) | W8: =IF(OR($T8="",$J8=""),"",$T8-$J8) | X8: =IF(OR($T8="",$J8="",$O8=""),"",$T8-$J8-$O8) | Y8: =IF(OR($T8="",$J8="",$O8="",$J8=0),"",($T8-$J8-$O8)/$J8) | Z8: =IF($X8="","",IF(ABS($X8)>=Thresholds!$B$4,"MATERIAL","within"))
S9: =IF(OR($Q9="",$R9="",$R9=0),"",$Q9/$R9) | W9: =IF(OR($T9="",$J9=""),"",$T9-$J9) | X9: =IF(OR($T9="",$J9="",$O9=""),"",$T9-$J9-$O9) | Y9: =IF(OR($T9="",$J9="",$O9="",$J9=0),"",($T9-$J9-$O9)/$J9) | Z9: =IF($X9="","",IF(ABS($X9)>=Thresholds!$B$4,"MATERIAL","within"))
S10: =IF(OR($Q10="",$R10="",$R10=0),"",$Q10/$R10) | W10: =IF(OR($T10="",$J10=""),"",$T10-$J10) | X10: =IF(OR($T10="",$J10="",$O10=""),"",$T10-$J10-$O10) | Y10: =IF(OR($T10="",$J10="",$O10="",$J10=0),"",($T10-$J10-$O10)/$J10) | Z10: =IF($X10="","",IF(ABS($X10)>=Thresholds!$B$4,"MATERIAL","within"))
S11: =IF(OR($Q11="",$R11="",$R11=0),"",$Q11/$R11) | W11: =IF(OR($T11="",$J11=""),"",$T11-$J11) | X11: =IF(OR($T11="",$J11="",$O11=""),"",$T11-$J11-$O11) | Y11: =IF(OR($T11="",$J11="",$O11="",$J11=0),"",($T11-$J11-$O11)/$J11) | Z11: =IF($X11="","",IF(ABS($X11)>=Thresholds!$B$4,"MATERIAL","within"))
S12: =IF(OR($Q12="",$R12="",$R12=0),"",$Q12/$R12) | W12: =IF(OR($T12="",$J12=""),"",$T12-$J12) | X12: =IF(OR($T12="",$J12="",$O12=""),"",$T12-$J12-$O12) | Y12: =IF(OR($T12="",$J12="",$O12="",$J12=0),"",($T12-$J12-$O12)/$J12) | Z12: =IF($X12="","",IF(ABS($X12)>=Thresholds!$B$4,"MATERIAL","within"))
S13: =IF(OR($Q13="",$R13="",$R13=0),"",$Q13/$R13) | W13: =IF(OR($T13="",$J13=""),"",$T13-$J13) | X13: =IF(OR($T13="",$J13="",$O13=""),"",$T13-$J13-$O13) | Y13: =IF(OR($T13="",$J13="",$O13="",$J13=0),"",($T13-$J13-$O13)/$J13) | Z13: =IF($X13="","",IF(ABS($X13)>=Thresholds!$B$4,"MATERIAL","within"))
S14: =IF(OR($Q14="",$R14="",$R14=0),"",$Q14/$R14) | W14: =IF(OR($T14="",$J14=""),"",$T14-$J14) | X14: =IF(OR($T14="",$J14="",$O14=""),"",$T14-$J14-$O14) | Y14: =IF(OR($T14="",$J14="",$O14="",$J14=0),"",($T14-$J14-$O14)/$J14) | Z14: =IF($X14="","",IF(ABS($X14)>=Thresholds!$B$4,"MATERIAL","within"))
S15: =IF(OR($Q15="",$R15="",$R15=0),"",$Q15/$R15) | W15: =IF(OR($T15="",$J15=""),"",$T15-$J15) | X15: =IF(OR($T15="",$J15="",$O15=""),"",$T15-$J15-$O15) | Y15: =IF(OR($T15="",$J15="",$O15="",$J15=0),"",($T15-$J15-$O15)/$J15) | Z15: =IF($X15="","",IF(ABS($X15)>=Thresholds!$B$4,"MATERIAL","within"))
... S153: =IF(OR($Q153="",$R153="",$R153=0),"",$Q153/$R153) | W153: =IF(OR($T153="",$J153=""),"",$T153-$J153) | X153: =IF(OR($T153="",$J153="",$O153=""),"",$T153-$J153-$O153) | Y153: =IF(OR($T153="",$J153="",$O153="",$J153=0),"",($T153-$J153-$O153)/$J153) | Z153: =IF($X153="","",IF(ABS($X153)>=Thresholds!$B$4,"MATERIAL","within"))

Sheet Thresholds
A1: Registration thresholds and tolerances
A2: Fill these from Sri Lankan registration practice; every one is cited in the paper.
A3: Parameter | B3: Value | C3: Unit | D3: Source / citation
A4: Material area difference (absolute) | B4: 0.5 | C4: m2 | D4: TO BE CITED — registration practice
A5: Material area difference (relative) | B5: 0.005 | C5: fraction | D5: TO BE CITED
A6: Material volume difference (relative) | B6: 0.005 | C6: fraction | D6: TO BE CITED
A7: 2D cadastral misclosure tolerance | B7: 0.1 | C7: m | D7: Survey Department accuracy spec — TO BE CITED
A8: Tolerance epsilon 1 | B8: 1 | C8: mm | D8: study design §3.8
A9: Tolerance epsilon 2 | B9: 10 | C9: mm | D9: study design §3.8
A10: Tolerance epsilon 3 | B10: 100 | C10: mm | D10: study design §3.8
A11: Share-fraction materiality | B11: 0.001 | C11: fraction | D11: TO BE CITED

Sheet Survival_Summary
A1: Survival summary — calculated from the Volumes sheet, nothing to type here
A2: Rows are the six pipeline conditions. Survival at each tolerance counts only volumes whose stored geometry is watertight; the rest are 'undefined', never a large error (§3.7).
A4: Condition | B4: n volumes | C4: n status=ok | D4: src watertight % | E4: out watertight % | F4: topology survives % | G4: survives ≤1 mm % | H4: survives ≤10 mm % | I4: survives ≤100 mm % | J4: mean dv_proj (%) | K4: max |dv_proj| (%) | L4: mean max_vertex_disp (mm) | M4: mean semantic retention | N4: id retained % | O4: M1/M2 agree %
A5: C0 | B5: =COUNTIF(Volumes!$F$4:$F$403,$A5) -> 0 | C5: =COUNTIFS(Volumes!$F$4:$F$403,$A5,Volumes!$H$4:$H$403,"ok") -> 0 | D5: =IF($B5=0,"",COUNTIFS(Volumes!$F$4:$F$403,$A5,Volumes!$Q$4:$Q$403,"Y")/$B5) | E5: =IF($B5=0,"",COUNTIFS(Volumes!$F$4:$F$403,$A5,Volumes!$Z$4:$Z$403,"Y")/$B5) | F5: =IF($B5=0,"",COUNTIFS(Volumes!$F$4:$F$403,$A5,Volumes!$BM$4:$BM$403,"Y")/$B5) | G5: =IF($B5=0,"",COUNTIFS(Volumes!$F$4:$F$403,$A5,Volumes!$BN$4:$BN$403,"Y")/$B5) | H5: =IF($B5=0,"",COUNTIFS(Volumes!$F$4:$F$403,$A5,Volumes!$BO$4:$BO$403,"Y")/$B5) | I5: =IF($B5=0,"",COUNTIFS(Volumes!$F$4:$F$403,$A5,Volumes!$BP$4:$BP$403,"Y")/$B5) | J5: =IFERROR(AVERAGEIFS(Volumes!$BE$4:$BE$403,Volumes!$F$4:$F$403,$A5),"") | K5: =IFERROR(MAX(IF(Volumes!$F$4:$F$403=$A5,ABS(Volumes!$BE$4:$BE$403))),"") -> 0 | L5: =IFERROR(AVERAGEIFS(Volumes!$AH$4:$AH$403,Volumes!$F$4:$F$403,$A5),"") | M5: =IFERROR(AVERAGEIFS(Volumes!$BK$4:$BK$403,Volumes!$F$4:$F$403,$A5),"") | N5: =IF($B5=0,"",COUNTIFS(Volumes!$F$4:$F$403,$A5,Volumes!$AQ$4:$AQ$403,"Y")/$B5) | O5: =IF($B5=0,"",COUNTIFS(Volumes!$F$4:$F$403,$A5,Volumes!$AR$4:$AR$403,"Y")/$B5)
A6: C1 | B6: =COUNTIF(Volumes!$F$4:$F$403,$A6) -> 0 | C6: =COUNTIFS(Volumes!$F$4:$F$403,$A6,Volumes!$H$4:$H$403,"ok") -> 0 | D6: =IF($B6=0,"",COUNTIFS(Volumes!$F$4:$F$403,$A6,Volumes!$Q$4:$Q$403,"Y")/$B6) | E6: =IF($B6=0,"",COUNTIFS(Volumes!$F$4:$F$403,$A6,Volumes!$Z$4:$Z$403,"Y")/$B6) | F6: =IF($B6=0,"",COUNTIFS(Volumes!$F$4:$F$403,$A6,Volumes!$BM$4:$BM$403,"Y")/$B6) | G6: =IF($B6=0,"",COUNTIFS(Volumes!$F$4:$F$403,$A6,Volumes!$BN$4:$BN$403,"Y")/$B6) | H6: =IF($B6=0,"",COUNTIFS(Volumes!$F$4:$F$403,$A6,Volumes!$BO$4:$BO$403,"Y")/$B6) | I6: =IF($B6=0,"",COUNTIFS(Volumes!$F$4:$F$403,$A6,Volumes!$BP$4:$BP$403,"Y")/$B6) | J6: =IFERROR(AVERAGEIFS(Volumes!$BE$4:$BE$403,Volumes!$F$4:$F$403,$A6),"") | K6: =IFERROR(MAX(IF(Volumes!$F$4:$F$403=$A6,ABS(Volumes!$BE$4:$BE$403))),"") -> 0 | L6: =IFERROR(AVERAGEIFS(Volumes!$AH$4:$AH$403,Volumes!$F$4:$F$403,$A6),"") | M6: =IFERROR(AVERAGEIFS(Volumes!$BK$4:$BK$403,Volumes!$F$4:$F$403,$A6),"") | N6: =IF($B6=0,"",COUNTIFS(Volumes!$F$4:$F$403,$A6,Volumes!$AQ$4:$AQ$403,"Y")/$B6) | O6: =IF($B6=0,"",COUNTIFS(Volumes!$F$4:$F$403,$A6,Volumes!$AR$4:$AR$403,"Y")/$B6)
A7: C2 | B7: =COUNTIF(Volumes!$F$4:$F$403,$A7) -> 0 | C7: =COUNTIFS(Volumes!$F$4:$F$403,$A7,Volumes!$H$4:$H$403,"ok") -> 0 | D7: =IF($B7=0,"",COUNTIFS(Volumes!$F$4:$F$403,$A7,Volumes!$Q$4:$Q$403,"Y")/$B7) | E7: =IF($B7=0,"",COUNTIFS(Volumes!$F$4:$F$403,$A7,Volumes!$Z$4:$Z$403,"Y")/$B7) | F7: =IF($B7=0,"",COUNTIFS(Volumes!$F$4:$F$403,$A7,Volumes!$BM$4:$BM$403,"Y")/$B7) | G7: =IF($B7=0,"",COUNTIFS(Volumes!$F$4:$F$403,$A7,Volumes!$BN$4:$BN$403,"Y")/$B7) | H7: =IF($B7=0,"",COUNTIFS(Volumes!$F$4:$F$403,$A7,Volumes!$BO$4:$BO$403,"Y")/$B7) | I7: =IF($B7=0,"",COUNTIFS(Volumes!$F$4:$F$403,$A7,Volumes!$BP$4:$BP$403,"Y")/$B7) | J7: =IFERROR(AVERAGEIFS(Volumes!$BE$4:$BE$403,Volumes!$F$4:$F$403,$A7),"") | K7: =IFERROR(MAX(IF(Volumes!$F$4:$F$403=$A7,ABS(Volumes!$BE$4:$BE$403))),"") -> 0 | L7: =IFERROR(AVERAGEIFS(Volumes!$AH$4:$AH$403,Volumes!$F$4:$F$403,$A7),"") | M7: =IFERROR(AVERAGEIFS(Volumes!$BK$4:$BK$403,Volumes!$F$4:$F$403,$A7),"") | N7: =IF($B7=0,"",COUNTIFS(Volumes!$F$4:$F$403,$A7,Volumes!$AQ$4:$AQ$403,"Y")/$B7) | O7: =IF($B7=0,"",COUNTIFS(Volumes!$F$4:$F$403,$A7,Volumes!$AR$4:$AR$403,"Y")/$B7)
A8: C3 | B8: =COUNTIF(Volumes!$F$4:$F$403,$A8) -> 0 | C8: =COUNTIFS(Volumes!$F$4:$F$403,$A8,Volumes!$H$4:$H$403,"ok") -> 0 | D8: =IF($B8=0,"",COUNTIFS(Volumes!$F$4:$F$403,$A8,Volumes!$Q$4:$Q$403,"Y")/$B8) | E8: =IF($B8=0,"",COUNTIFS(Volumes!$F$4:$F$403,$A8,Volumes!$Z$4:$Z$403,"Y")/$B8) | F8: =IF($B8=0,"",COUNTIFS(Volumes!$F$4:$F$403,$A8,Volumes!$BM$4:$BM$403,"Y")/$B8) | G8: =IF($B8=0,"",COUNTIFS(Volumes!$F$4:$F$403,$A8,Volumes!$BN$4:$BN$403,"Y")/$B8) | H8: =IF($B8=0,"",COUNTIFS(Volumes!$F$4:$F$403,$A8,Volumes!$BO$4:$BO$403,"Y")/$B8) | I8: =IF($B8=0,"",COUNTIFS(Volumes!$F$4:$F$403,$A8,Volumes!$BP$4:$BP$403,"Y")/$B8) | J8: =IFERROR(AVERAGEIFS(Volumes!$BE$4:$BE$403,Volumes!$F$4:$F$403,$A8),"") | K8: =IFERROR(MAX(IF(Volumes!$F$4:$F$403=$A8,ABS(Volumes!$BE$4:$BE$403))),"") -> 0 | L8: =IFERROR(AVERAGEIFS(Volumes!$AH$4:$AH$403,Volumes!$F$4:$F$403,$A8),"") | M8: =IFERROR(AVERAGEIFS(Volumes!$BK$4:$BK$403,Volumes!$F$4:$F$403,$A8),"") | N8: =IF($B8=0,"",COUNTIFS(Volumes!$F$4:$F$403,$A8,Volumes!$AQ$4:$AQ$403,"Y")/$B8) | O8: =IF($B8=0,"",COUNTIFS(Volumes!$F$4:$F$403,$A8,Volumes!$AR$4:$AR$403,"Y")/$B8)
A9: C4 | B9: =COUNTIF(Volumes!$F$4:$F$403,$A9) -> 0 | C9: =COUNTIFS(Volumes!$F$4:$F$403,$A9,Volumes!$H$4:$H$403,"ok") -> 0 | D9: =IF($B9=0,"",COUNTIFS(Volumes!$F$4:$F$403,$A9,Volumes!$Q$4:$Q$403,"Y")/$B9) | E9: =IF($B9=0,"",COUNTIFS(Volumes!$F$4:$F$403,$A9,Volumes!$Z$4:$Z$403,"Y")/$B9) | F9: =IF($B9=0,"",COUNTIFS(Volumes!$F$4:$F$403,$A9,Volumes!$BM$4:$BM$403,"Y")/$B9) | G9: =IF($B9=0,"",COUNTIFS(Volumes!$F$4:$F$403,$A9,Volumes!$BN$4:$BN$403,"Y")/$B9) | H9: =IF($B9=0,"",COUNTIFS(Volumes!$F$4:$F$403,$A9,Volumes!$BO$4:$BO$403,"Y")/$B9) | I9: =IF($B9=0,"",COUNTIFS(Volumes!$F$4:$F$403,$A9,Volumes!$BP$4:$BP$403,"Y")/$B9) | J9: =IFERROR(AVERAGEIFS(Volumes!$BE$4:$BE$403,Volumes!$F$4:$F$403,$A9),"") | K9: =IFERROR(MAX(IF(Volumes!$F$4:$F$403=$A9,ABS(Volumes!$BE$4:$BE$403))),"") -> 0 | L9: =IFERROR(AVERAGEIFS(Volumes!$AH$4:$AH$403,Volumes!$F$4:$F$403,$A9),"") | M9: =IFERROR(AVERAGEIFS(Volumes!$BK$4:$BK$403,Volumes!$F$4:$F$403,$A9),"") | N9: =IF($B9=0,"",COUNTIFS(Volumes!$F$4:$F$403,$A9,Volumes!$AQ$4:$AQ$403,"Y")/$B9) | O9: =IF($B9=0,"",COUNTIFS(Volumes!$F$4:$F$403,$A9,Volumes!$AR$4:$AR$403,"Y")/$B9)
A10: C5 | B10: =COUNTIF(Volumes!$F$4:$F$403,$A10) -> 0 | C10: =COUNTIFS(Volumes!$F$4:$F$403,$A10,Volumes!$H$4:$H$403,"ok") -> 0 | D10: =IF($B10=0,"",COUNTIFS(Volumes!$F$4:$F$403,$A10,Volumes!$Q$4:$Q$403,"Y")/$B10) | E10: =IF($B10=0,"",COUNTIFS(Volumes!$F$4:$F$403,$A10,Volumes!$Z$4:$Z$403,"Y")/$B10) | F10: =IF($B10=0,"",COUNTIFS(Volumes!$F$4:$F$403,$A10,Volumes!$BM$4:$BM$403,"Y")/$B10) | G10: =IF($B10=0,"",COUNTIFS(Volumes!$F$4:$F$403,$A10,Volumes!$BN$4:$BN$403,"Y")/$B10) | H10: =IF($B10=0,"",COUNTIFS(Volumes!$F$4:$F$403,$A10,Volumes!$BO$4:$BO$403,"Y")/$B10) | I10: =IF($B10=0,"",COUNTIFS(Volumes!$F$4:$F$403,$A10,Volumes!$BP$4:$BP$403,"Y")/$B10) | J10: =IFERROR(AVERAGEIFS(Volumes!$BE$4:$BE$403,Volumes!$F$4:$F$403,$A10),"") | K10: =IFERROR(MAX(IF(Volumes!$F$4:$F$403=$A10,ABS(Volumes!$BE$4:$BE$403))),"") -> 0 | L10: =IFERROR(AVERAGEIFS(Volumes!$AH$4:$AH$403,Volumes!$F$4:$F$403,$A10),"") | M10: =IFERROR(AVERAGEIFS(Volumes!$BK$4:$BK$403,Volumes!$F$4:$F$403,$A10),"") | N10: =IF($B10=0,"",COUNTIFS(Volumes!$F$4:$F$403,$A10,Volumes!$AQ$4:$AQ$403,"Y")/$B10) | O10: =IF($B10=0,"",COUNTIFS(Volumes!$F$4:$F$403,$A10,Volumes!$AR$4:$AR$403,"Y")/$B10)
A13: Note: the max column uses an array formula. In Excel, confirm it with Ctrl+Shift+Enter if it does not display.
